Workbook

Sheet Data
A1: Target | B1: XO (mm) | C1: YO (mm) | D1: ZO (mm) | E1: Side | F1: Collar α (deg) | G1: Arc θ (deg) | H1: L_new (mm) | I1: x_new (mm) | J1: y_new (mm) | K1: Operator | L1: Trial | M1: Error_X | N1: Error_Y | O1: Error_Dist | P1: Error_Pos | Q1: Error_Total
A2: T1 | B2: 140 | C2: 140 | D2: 110 | E2: L | F2: 75 | G2: 100 | H2: 160.4 | I2: 141.8 | J2: 142.7 | K2: MAH | L2: 1 | M2: 0.99 | N2: 0.4 | O2: 0.9 | P2: =SQRT((M2*M2) +(N2*N2)) -> 1.0677547 | Q2: =SQRT((O2*O2)+(P2*P2)) -> 1.3964598
A3: T1 | B3: 140 | C3: 140 | D3: 110 | E3: L | F3: 75 | G3: 100 | H3: 160.4 | I3: 141.8 | J3: 142.7 | K3: CO | L3: 1 | M3: 1.01 | N3: 0.5 | O3: 0.2 | P3: =SQRT((M3*M3) +(N3*N3)) -> 1.1269871 | Q3: =SQRT((O3*O3)+(P3*P3)) -> 1.144596
A4: T1 | B4: 140 | C4: 140 | D4: 110 | E4: L | F4: 75 | G4: 100 | H4: 160.4 | I4: 141.8 | J4: 142.7 | K4: AK | L4: 1 | M4: 1.04 | N4: 0.67 | O4: 0.6 | P4: =SQRT((M4*M4) +(N4*N4)) -> 1.2371338 | Q4: =SQRT((O4*O4)+(P4*P4)) -> 1.3749545
A5: T2 | B5: 140 | C5: 70 | D5: 70 | E5: L | F5: 90 | G5: 100 | H5: 120 | I5: 134.79 | J5: 70 | K5: MAH | L5: 1 | M5: 0.2 | N5: 1.25 | O5: 0.06 | P5: =SQRT((M5*M5) +(N5*N5)) -> 1.2658989 | Q5: =SQRT((O5*O5)+(P5*P5)) -> 1.26732
A6: T2 | B6: 140 | C6: 70 | D6: 70 | E6: L | F6: 90 | G6: 100 | H6: 120 | I6: 134.79 | J6: 70 | K6: CO | L6: 1 | M6: 0 | N6: 1.46 | O6: 0.02 | P6: =SQRT((M6*M6) +(N6*N6)) -> 1.46 | Q6: =SQRT((O6*O6)+(P6*P6)) -> 1.460137
A7: T2 | B7: 140 | C7: 70 | D7: 70 | E7: L | F7: 90 | G7: 100 | H7: 120 | I7: 134.79 | J7: 70 | K7: AK | L7: 1 | M7: 0.46 | N7: 0.37 | O7: 0.89 | P7: =SQRT((M7*M7) +(N7*N7)) -> 0.59033889 | Q7: =SQRT((O7*O7)+(P7*P7)) -> 1.0679888
A8: T3L | B8: 100 | C8: 100 | D8: 90 | E8: M | F8: 75 | G8: 105 | H8: 139.6 | I8: 97.3 | J8: 97.3 | K8: MAH | L8: 1 | M8: 0.05 | N8: 0.5 | O8: 0.4 | P8: =SQRT((M8*M8) +(N8*N8)) -> 0.50249378 | Q8: =SQRT((O8*O8)+(P8*P8)) -> 0.64226163
A9: T3L | B9: 100 | C9: 100 | D9: 90 | E9: M | F9: 75 | G9: 105 | H9: 139.6 | I9: 97.3 | J9: 97.3 | K9: CO | L9: 1 | M9: 0.3 | N9: 0.39 | O9: 0.3 | P9: =SQRT((M9*M9) +(N9*N9)) -> 0.49203658 | Q9: =SQRT((O9*O9)+(P9*P9)) -> 0.57628118
A10: T3L | B10: 100 | C10: 100 | D10: 90 | E10: M | F10: 75 | G10: 105 | H10: 139.6 | I10: 97.3 | J10: 97.3 | K10: AK | L10: 1 | M10: 0.59 | N10: 0.47 | O10: 0.5 | P10: =SQRT((M10*M10) +(N10*N10)) -> 0.75432089 | Q10: =SQRT((O10*O10)+(P10*P10)) -> 0.90498619
A11: T3R | B11: 100 | C11: 100 | D11: 90 | E11: M | F11: 75 | G11: 75 | H11: 139.6 | I11: 102.7 | J11: 97.3 | K11: MAH | L11: 1 | M11: 0.29 | N11: 0.13 | O11: 1.31 | P11: =SQRT((M11*M11) +(N11*N11)) -> 0.31780497 | Q11: =SQRT((O11*O11)+(P11*P11)) -> 1.3479985
A12: T3R | B12: 100 | C12: 100 | D12: 90 | E12: M | F12: 75 | G12: 75 | H12: 139.6 | I12: 102.7 | J12: 97.3 | K12: CO | L12: 1 | M12: 0.42 | N12: 0 | O12: 0.65 | P12: =SQRT((M12*M12) +(N12*N12)) -> 0.42 | Q12: =SQRT((O12*O12)+(P12*P12)) -> 0.7738863
A13: T3R | B13: 100 | C13: 100 | D13: 90 | E13: M | F13: 75 | G13: 75 | H13: 139.6 | I13: 102.7 | J13: 97.3 | K13: AK | L13: 1 | M13: 0.49 | N13: 0.16 | O13: 1.08 | P13: =SQRT((M13*M13) +(N13*N13)) -> 0.51546096 | Q13: =SQRT((O13*O13)+(P13*P13)) -> 1.1967038
... A19: T5 | B19: 60 | C19: 70 | D19: 100 | E19: R | F19: 75 | G19: 80 | H19: 150 | I19: 60 | J19: 70 | K19: AK | L19: 1 | M19: 0 | N19: 0.34 | O19: 0.51 | P19: =SQRT((M19*M19) +(N19*N19)) -> 0.34 | Q19: =SQRT((O19*O19)+(P19*P19)) -> 0.61294372

Sheet Interobserver_RMSE
A1: Target ID | B1: Op1 XE | C1: Op1 YE | D1: Op1 ZE | E1: Op2 XE | F1: Op2 YE | G1: Op2 ZE | H1: Op3 XE | I1: Op3 YE | J1: Op3 ZE | K1: µX | L1: µY | M1: µZ | N1: RMSE_X | O1: RMSE_Y | P1: RMSE_Z | Q1: RMSE_3D
A2: T1 | B2: =Data!M2 -> 0.99 | C2: =Data!N2 -> 0.4 | D2: =Data!O2 -> 0.9 | E2: =Data!M3 -> 1.01 | F2: =Data!N3 -> 0.5 | G2: =Data!O3 -> 0.2 | H2: =Data!M4 -> 1.04 | I2: =Data!N4 -> 0.67 | J2: =Data!O4 -> 0.6 | K2: =AVERAGE(B2,E2,H2) -> 1.0133333 | L2: =AVERAGE(C2,F2,I2) -> 0.52333333 | M2: =AVERAGE(D2,G2,J2) -> 0.56666667 | N2: =SQRT(((B2-K2)^2+(E2-K2)^2+(H2-K2)^2)/3) -> 0.020548047 | O2: =SQRT(((C2-L2)^2+(F2-L2)^2+(I2-L2)^2)/3) -> 0.11145502 | P2: =SQRT(((D2-M2)^2+(G2-M2)^2+(J2-M2)^2)/3) -> 0.28674418 | Q2: =SQRT(((B2-K2)^2+(C2-L2)^2+(D2-M2)^2+(E2-K2)^2+(F2-L2)^2+(G2-M2)^2+(H2-K2)^2+(I2-L2)^2+(J2-M2)^2)/3) -> 0.30832883
A3: T2 | B3: =Data!M5 -> 0.2 | C3: =Data!N5 -> 1.25 | D3: =Data!O5 -> 0.06 | E3: =Data!M6 -> 0 | F3: =Data!N6 -> 1.46 | G3: =Data!O6 -> 0.02 | H3: =Data!M7 -> 0.46 | I3: =Data!N7 -> 0.37 | J3: =Data!O7 -> 0.89 | K3: =AVERAGE(B3,E3,H3) -> 0.22 | L3: =AVERAGE(C3,F3,I3) -> 1.0266667 | M3: =AVERAGE(D3,G3,J3) -> 0.32333333 | N3: =SQRT(((B3-K3)^2+(E3-K3)^2+(H3-K3)^2)/3) -> 0.18832596 | O3: =SQRT(((C3-L3)^2+(F3-L3)^2+(I3-L3)^2)/3) -> 0.4721817 | P3: =SQRT(((D3-M3)^2+(G3-M3)^2+(J3-M3)^2)/3) -> 0.40102646 | Q3: =SQRT(((B3-K3)^2+(C3-L3)^2+(D3-M3)^2+(E3-K3)^2+(F3-L3)^2+(G3-M3)^2+(H3-K3)^2+(I3-L3)^2+(J3-M3)^2)/3) -> 0.64749088
A4: T3L | B4: =Data!M8 -> 0.05 | C4: =Data!N8 -> 0.5 | D4: =Data!O8 -> 0.4 | E4: =Data!M9 -> 0.3 | F4: =Data!N9 -> 0.39 | G4: =Data!O9 -> 0.3 | H4: =Data!M10 -> 0.59 | I4: =Data!N10 -> 0.47 | J4: =Data!O10 -> 0.5 | K4: =AVERAGE(B4,E4,H4) -> 0.31333333 | L4: =AVERAGE(C4,F4,I4) -> 0.45333333 | M4: =AVERAGE(D4,G4,J4) -> 0.4 | N4: =SQRT(((B4-K4)^2+(E4-K4)^2+(H4-K4)^2)/3) -> 0.22065559 | O4: =SQRT(((C4-L4)^2+(F4-L4)^2+(I4-L4)^2)/3) -> 0.046427961 | P4: =SQRT(((D4-M4)^2+(G4-M4)^2+(J4-M4)^2)/3) -> 0.081649658 | Q4: =SQRT(((B4-K4)^2+(C4-L4)^2+(D4-M4)^2+(E4-K4)^2+(F4-L4)^2+(G4-M4)^2+(H4-K4)^2+(I4-L4)^2+(J4-M4)^2)/3) -> 0.23981474
A5: T3R | B5: =Data!M11 -> 0.29 | C5: =Data!N11 -> 0.13 | D5: =Data!O11 -> 1.31 | E5: =Data!M12 -> 0.42 | F5: =Data!N12 -> 0 | G5: =Data!O12 -> 0.65 | H5: =Data!M13 -> 0.49 | I5: =Data!N13 -> 0.16 | J5: =Data!O13 -> 1.08 | K5: =AVERAGE(B5,E5,H5) -> 0.4 | L5: =AVERAGE(C5,F5,I6) -> 0.16666667 | M5: =AVERAGE(D5,G5,J6) -> 1.04 | N5: =SQRT(((B5-K5)^2+(E5-K5)^2+(H5-K5)^2)/3) -> 0.082865353 | O5: =SQRT(((C5-L5)^2+(F5-L5)^2+(I6-L5)^2)/3) -> 0.15326085 | P5: =SQRT(((D5-M5)^2+(G5-M5)^2+(J6-M5)^2)/3) -> 0.28248894 | Q5: =SQRT(((B5-K5)^2+(C5-L5)^2+(D5-M5)^2+(E5-K5)^2+(F5-L5)^2+(G5-M5)^2+(H5-K5)^2+(I6-L5)^2+(J6-M5)^2)/3) -> 0.33189691
A6: T4 | B6: =Data!M14 -> 0.72 | C6: =Data!N14 -> 0.9 | D6: =Data!O114 -> 0 | E6: =Data!M15 -> 0 | F6: =Data!N15 -> 0 | G6: =Data!O15 -> 1.33 | H6: =Data!M16 -> 0.15 | I6: =Data!N16 -> 0.37 | J6: =Data!O16 -> 1.16 | K6: =AVERAGE(B6,E6,H6) -> 0.29 | L6: =AVERAGE(C6,F6,I7) -> 0.41333333 | M6: =AVERAGE(D6,G6,J7) -> 0.61333333 | N6: =SQRT(((B6-K6)^2+(E6-K6)^2+(H6-K6)^2)/3) -> 0.31016125 | O6: =SQRT(((C6-L6)^2+(F6-L6)^2+(I7-L6)^2)/3) -> 0.37106453 | P6: =SQRT(((D6-M6)^2+(G6-M6)^2+(J7-M6)^2)/3) -> 0.54786454 | Q6: =SQRT(((B6-K6)^2+(C6-L6)^2+(D6-M6)^2+(E6-K6)^2+(F6-L6)^2+(G6-M6)^2+(H6-K6)^2+(I7-L6)^2+(J7-M6)^2)/3) -> 0.73078345
A7: T5 | B7: =Data!M17 -> 0 | C7: =Data!N17 -> 0.47 | D7: =Data!O17 -> 0.43 | E7: =Data!M18 -> 0.37 | F7: =Data!N18 -> 1.65 | G7: =Data!O18 -> 1.69 | H7: =Data!M19 -> 0 | I7: =Data!N19 -> 0.34 | J7: =Data!O19 -> 0.51 | K7: =AVERAGE(B7,E7,H7) -> 0.12333333 | L7: =AVERAGE(C7,F7,I7) -> 0.82 | M7: =AVERAGE(D7,G7,J7) -> 0.87666667 | N7: =SQRT(((B7-K7)^2+(E7-K7)^2+(H7-K7)^2)/3) -> 0.17441967 | O7: =SQRT(((C7-L7)^2+(F7-L7)^2+(I7-L7)^2)/3) -> 0.58929336 | P7: =SQRT(((D7-M7)^2+(G7-M7)^2+(J7-M7)^2)/3) -> 0.57604012 | Q7: =SQRT(((B7-K7)^2+(C7-L7)^2+(D7-M7)^2+(E7-K7)^2+(F7-L7)^2+(G7-M7)^2+(H7-K7)^2+(I7-L7)^2+(J7-M7)^2)/3) -> 0.84232483
